{"name":"HPSA Livestock & Agriculture","short_name":"HPSA","start_url":"/hpsa-app-livestock-and-agriculture/","scope":"./","display":"standalone","background_color":"#000000","theme_color":"#774936","orientation":"portrait","icons":[{"src":"icons/android-launchericon-96-96.png","sizes":"96x96","type":"image/png"},{"src":"icons/android-launchericon-144-144.png","sizes":"144x144","type":"image/png"},{"src":"icons/android-launchericon-192-192.png","sizes":"192x192","type":"image/png","purpose":"any maskable"}]}